509668917,27067199,9680551,210069672,-37203421,742,-449530,361124,0,0,85549886,-375647077,0,0,0,0,0,0,3,4164017,0,-447803141,-134893838,0,0,0,0,0,0,0,770945794,0
-742824,-348736,-148925,-4091050,753423,-15,9434,-7765,0,0,-1975742,9081234,0,0,0,0,0,0,0,-129169,0,14292985,4493238,0,0,0,0,0,0,0,-30867171,0
-191326,-89984,-38402,-1053847,194044,-4,2429,-1999,0,0,-508513,2336731,0,0,0,0,0,0,0,-33186,0,3671427,1153823,0,0,0,0,0,0,0,-7915038,0
416026359,20329106,7134049,149976317,-26398742,525,-317126,253714,0,0,59342258,-258302248,0,0,0,0,0,0,2,2704609,0,-288628525,-85905645,0,0,0,0,0,0,0,462358444,0
-1819526,-860409,-366468,-10025977,1845039,-37,23086,-18993,0,0,-4825389,22157116,0,0,0,0,0,0,0,-313222,0,34631461,10873677,0,0,0,0,0,0,0,-74268467,0
-153141,-73625,-31171,-844819,155199,-3,1939,-1593,0,0,-403376,1847896,0,0,0,0,0,0,0,-25746,0,2841204,889488,0,0,0,0,0,0,0,-5991203,0
250343653,10049176,3347140,63949815,-11035526,218,-130036,102597,0,0,22947298,-96729905,0,0,0,0,0,0,1,792150,0,-81280870,-22665460,0,0,0,0,0,0,0,79787232,0
-1825821,-876102,-371172,-10070747,1850454,-37,23121,-19003,0,0,-4813148,22055840,0,0,0,0,0,0,0,-307872,0,33984361,10643613,0,0,0,0,0,0,0,-71830817,0
-88496,-44548,-18552,-489738,89526,-2,1113,-912,0,0,-228558,1039976,0,0,0,0,0,0,0,-13877,0,1522712,472474,0,0,0,0,0,0,0,-3046137,0
83157228,-1620655,-990023,-35352930,6711209,-137,86180,-72081,0,0,-19125825,89972249,0,0,0,0,0,0,-1,-1394622,0,155264117,49196547,0,0,0,0,0,0,0,-344326345,0
-1338554,-704600,-288669,-7425000,1350797,-27,16720,-13652,0,0,-3388923,15319253,0,0,0,0,0,0,0,-196111,0,21400803,6583873,0,0,0,0,0,0,0,-40700797,0
-22045,-15633,-5810,-124617,21817,0,260,-207,0,0,-46885,198390,0,0,0,0,0,0,0,-1412,0,137317,34162,0,0,0,0,0,0,0,42166,0
161460241,-8809328,-4261516,-129173703,24048198,-487,303747,-251358,0,0,-64792249,299690380,0,0,0,0,0,0,-3,-4300465,0,475091734,148848696,0,0,0,0,0,0,0,-994964789,0
-3076336,-1701159,-684729,-17108177,3095229,-62,38112,-31004,0,0,-7608423,34123981,0,0,0,0,0,0,0,-414743,0,44935417,13668375,0,0,0,0,0,0,0,-79666513,0
-35586,-31631,-11011,-203757,34381,-1,394,-304,0,0,-61841,237966,0,0,0,0,0,0,0,326,0,-84440,-49404,0,0,0,0,0,0,0,1023695,0
144114568,-14493742,-6493221,-182901823,33703021,-680,421874,-347024,0,0,-87948299,402580043,0,0,0,0,0,0,-3,-5476244,0,601387257,186740885,0,0,0,0,0,0,0,-1199972166,0
-3173992,-1863439,-734244,-17698883,3179828,-64,38894,-31491,0,0,-7614553,33803521,0,0,0,0,0,0,0,-382861,0,41060495,12287183,0,0,0,0,0,0,0,-65414930,0
-24187,-29945,-9604,-141049,22141,0,233,-167,0,0,-24029,55745,0,0,0,0,0,0,0,3445,0,-434415,-161453,0,0,0,0,0,0,0,1827182,0
118798691,-19091741,-8191471,-219796919,40198769,-810,499795,-409243,0,0,-102343024,464510425,0,0,0,0,0,0,-4,-6026483,0,658056407,202570276,0,0,0,0,0,0,0,-1249962504,0
-2971268,-1873404,-719906,-16612094,2958646,-59,35886,-28881,0,0,-6851914,30012218,0,0,0,0,0,0,0,-308011,0,32532776,9493920,0,0,0,0,0,0,0,-43223338,0
-12736,-26741,-7770,-76589,9928,0,77,-37,0,0,10405,-105213,0,0,0,0,0,0,0,5756,0,-687756,-239659,0,0,0,0,0,0,0,2287913,0
27585650,-6602608,-2745043,-70780431,12859864,-258,158924,-129590,0,0,-32009268,144112894,0,0,0,0,0,0,-1,-1782249,0,193432892,58987977,0,0,0,0,0,0,0,-347672077,0
-772815,-529789,-197789,-4330559,762941,-15,9156,-7313,0,0,-1692554,7282086,0,0,0,0,0,0,0,-64621,0,6655481,1859698,0,0,0,0,0,0,0,-5967073,0
-1057,-6887,-1785,-7018,43,0,-14,19,0,0,10562,-64953,0,0,0,0,0,0,0,2077,0,-242706,-82103,0,0,0,0,0,0,0,710130,0
64390662,-42441509,-16352271,-377001124,67118019,-1340,813784,-654780,0,0,-155245447,679838701,0,0,0,0,0,0,-4,-7017921,0,742849277,217704310,0,0,0,0,0,0,0,-1034134950,0
-2391264,-2284356,-765009,-13388977,2239139,-44,25482,-19553,0,0,-3932835,15090186,0,0,0,0,0,0,0,-2675,0,-2108552,-1754921,0,0,0,0,0,0,0,40410854,0
14194,-25273,-4394,86245,-21427,0,-329,303,0,0,99685,-517953,0,0,0,0,0,0,0,10502,0,-1181959,-378388,0,0,0,0,0,0,0,2561261,0
56331206,-50710374,-19062590,-422127530,74567048,-1485,897376,-718218,0,0,-167470884,724889884,0,0,0,0,0,0,-4,-6885463,0,719665043,206577507,0,0,0,0,0,0,0,-861332188,0
-2265168,-2486026,-797828,-12606148,2050859,-40,22648,-16966,0,0,-3099651,10807009,0,0,0,0,0,0,0,80007,0,-11358757,-4688396,0,0,0,0,0,0,0,59267566,0
18301,-26724,-4054,115796,-27137,1,-402,364,0,0,114963,-585141,0,0,0,0,0,0,0,10756,0,-1195829,-375424,0,0,0,0,0,0,0,2276374,0
45444890,-55644546,-20396355,-432645775,75771427,-1505,904345,-719514,0,0,-164630871,703085781,0,0,0,0,0,0,-4,-6026865,0,619444287,172844213,0,0,0,0,0,0,0,-585270962,0
-1967737,-2516179,-771929,-10821203,1698005,-32,17984,-13003,0,0,-2016207,5670337,0,0,0,0,0,0,0,151564,0,-19087723,-7008726,0,0,0,0,0,0,0,70163429,0
19943,-26382,-3497,131714,-29781,1,-431,385,0,0,117698,-588309,0,0,0,0,0,0,0,9766,0,-1070095,-328038,0,0,0,0,0,0,0,1705045,0
13795880,-22949362,-8196343,-166030502,28803319,-570,340610,-269192,0,0,-60276333,253412593,0,0,0,0,0,0,-1,-1905659,0,191282011,51189698,0,0,0,0,0,0,0,-114259968,0
-640061,-966672,-282938,-3446902,515110,-10,5131,-3504,0,0,-381638,359589,0,0,0,0,0,0,0,79648,0,-9582192,-3335229,0,0,0,0,0,0,0,28843707,0
7760,-9875,-1142,53789,-11843,0,-168,149,0,0,44082,-216443,0,0,0,0,0,0,0,3199,0,-344031,-102170,0,0,0,0,0,0,0,412978,0
12133590,-37415571,-12656356,-231482363,39280899,-772,454438,-353417,0,0,-74994632,302703155,0,0,0,0,0,0,-1,-1484994,0,134407725,28939699,0,0,0,0,0,0,0,123028667,0
-637932,-1396065,-370317,-3131011,393025,-7,2937,-1354,0,0,387035,-3694387,0,0,0,0,0,0,0,151542,0,-17409261,-5700411,0,0,0,0,0,0,0,39349393,0
10184,-13260,-1107,79585,-16752,0,-230,198,0,0,55255,-260276,0,0,0,0,0,0,0,2745,0,-275823,-71989,0,0,0,0,0,0,0,-59129,0
20786607,-87677852,-28831519,-498476465,83510367,-1635,953649,-734472,0,0,-150684770,592009021,0,0,0,0,0,0,-1,-1917039,0,146587928,17387824,0,0,0,0,0,0,0,530816956,0
-1156435,-3099177,-781203,-5158737,539344,-8,2366,381,0,0,1668898,-11675155,0,0,0,0,0,0,0,350557,0,-39611101,-12661708,0,0,0,0,0,0,0,77988411,0
20625,-27875,-1821,173650,-35708,1,-480,409,0,0,109694,-502809,0,0,0,0,0,0,0,3948,0,-364987,-78024,0,0,0,0,0,0,0,-731899,0
16563295,-95953296,-30653354,-499228734,82460428,-1606,928006,-706827,0,0,-139354429,529447532,0,0,0,0,0,0,-1,-641351,0,5551919,-26323883,0,0,0,0,0,0,0,765305068,0
-971325,-3219950,-770277,-3676881,253060,-3,-1303,3418,0,0,2419593,-14940649,0,0,0,0,0,0,0,363052,0,-40382883,-12603066,0,0,0,0,0,0,0,68067140,0
19119,-26960,-1170,175390,-35144,1,-462,388,0,0,99166,-438812,0,0,0,0,0,0,0,1962,0,-135794,-2404,0,0,0,0,0,0,0,-1263145,0
11500133,-91898905,-28504866,-435769672,70862215,-1373,784477,-589943,0,0,-110909189,403752930,0,0,0,0,0,0,0,540097,0,-115351764,-59516603,0,0,0,0,0,0,0,839232130,0
-708124,-2929784,-663982,-1965473,-16421,3,-4136,5438,0,0,2693957,-15480654,0,0,0,0,0,0,0,316911,0,-34680094,-10546698,0,0,0,0,0,0,0,48213703,0
15233,-22341,-335,154140,-29990,1,-384,317,0,0,76171,-321169,0,0,0,0,0,0,0,-23,0,78785,61516,0,0,0,0,0,0,0,-1486894,0
6929282,-148928617,-42153554,-521651911,80096020,-1521,832109,-594131,0,0,-89578441,253223993,0,0,0,0,0,0,2,4317979,0,-528022024,-184066257,0,0,0,0,0,0,0,1342770094,0
-481314,-4038120,-762561,2021402,-824209,19,-14725,14265,0,0,4850033,-24564249,0,0,0,0,0,0,0,307316,0,-31383346,-8453114,0,0,0,0,0,0,0,5608599,0
12931,-18608,3279,189883,-32866,1,-375,283,0,0,47328,-129895,0,0,0,0,0,0,0,-5894,0,739588,269873,0,0,0,0,0,0,0,-2481250,0
6134562,-184474819,-50592787,-579069376,86853143,-1635,877796,-611916,0,0,-81684173,188745473,0,0,0,0,0,0,3,5986580,0,-707695340,-236855077,0,0,0,0,0,0,0,1502887882,0
-439061,-4709303,-826422,3947135,-1212562,27,-19765,18425,0,0,5823835,-28498409,0,0,0,0,0,0,0,288706,0,-28262747,-6990167,0,0,0,0,0,0,0,-15227395,0
12549,-15724,5589,214005,-35216,1,-379,272,0,0,34008,-39148,0,0,0,0,0,0,0,-8464,0,1022319,355402,0,0,0,0,0,0,0,-2734530,0
4714813,-198607167,-52743126,-555937483,81228704,-1514,795076,-538335,0,0,-60448394,89049063,0,0,0,0,0,0,4,6784075,0,-781760131,-253089524,0,0,0,0,0,0,0,1398016608,0
-345500,-4750453,-766065,5531269,-1459253,32,-22249,20096,0,0,5938893,-28048139,0,0,0,0,0,0,0,214732,0,-19532283,-4047289,0,0,0,0,0,0,0,-35167338,0
10446,-9168,7589,209196,-32503,1,-326,218,0,0,13672,68481,0,0,0,0,0,0,0,-9797,0,1150357,384564,0,0,0,0,0,0,0,-2465438,0
1492218,-432731138,-92463692,-510061083,56203629,-923,339388,-102774,0,0,74800085,-539748403,0,0,0,0,0,0,6,8818655,0,-882830727,-227694038,0,0,0,0,0,0,0,-71943361,0
-104276,-5887333,-141532,20844904,-3710857,73,-43151,32949,0,0,5821372,-17665222,0,0,0,0,0,0,0,-417214,0,51304581,17909362,0,0,0,0,0,0,0,-113078601,0
3796,65129,30798,213115,-16062,0,53,-179,0,0,-134022,818401,0,0,0,0,0,0,0,-12886,0,1271405,310663,0,0,0,0,0,0,0,1414347,0
1171863,-450451653,-92173897,-433508883,43008131,-665,190423,8491,0,0,92720043,-587420530,0,0,0,0,0,0,5,7186924,0,-687175029,-161505658,0,0,0,0,0,0,0,-438337086,0
-78405,-5309532,106422,22288877,-3793455,74,-42210,31138,0,0,4701300,-11082751,0,0,0,0,0,0,0,-505378,0,59701026,19796662,0,0,0,0,0,0,0,-98527106,0
2834,78383,33124,180193,-8906,0,148,-256,0,0,-149304,862589,0,0,0,0,0,0,0,-10248,0,942974,193340,0,0,0,0,0,0,0,2214576,0
862627,-432002288,-84373159,-327041592,27514232,-378,43140,103912,0,0,98766347,-567195609,0,0,0,0,0,0,3,4909517,0,-433863469,-84078617,0,0,0,0,0,0,0,-689130562,0
-54888,-4297794,342545,21746060,-3540899,68,-37596,26663,0,0,3229757,-3974548,0,0,0,0,0,0,0,-529363,0,60588452,19221433,0,0,0,0,0,0,0,-72732457,0
1939,83952,32390,132168,-1312,0,222,-304,0,0,-148692,815947,0,0,0,0,0,0,0,-6628,0,529428,62165,0,0,0,0,0,0,0,2644428,0
248804,-248033809,-40916408,-47966546,-4556375,159,-165532,179587,0,0,60594835,-272647049,0,0,0,0,0,0,0,-529355,0,113822675,57750084,0,0,0,0,0,0,0,-576037323,0
-13615,-1076118,603039,12481316,-1769299,32,-15782,9372,0,0,-207497,7659168,0,0,0,0,0,0,0,-303806,0,31901412,8804852,0,0,0,0,0,0,0,-147450,0
408,58375,18524,3579,10927,0,244,-249,0,0,-83481,387617,0,0,0,0,0,0,0,1772,0,-319132,-153688,0,0,0,0,0,0,0,1747966,0
416084,-505722008,-77741362,-9712754,-21193665,536,-436739,420355,0,0,118428419,-485893282,0,0,0,0,0,0,-1,-3119392,0,441259823,173067563,0,0,0,0,0,0,0,-1115559792,0
-21942,-1236964,1504132,25014443,-3364818,60,-27718,14843,0,0,-1701313,21189678,0,0,0,0,0,0,0,-570600,0,57804689,14920580,0,0,0,0,0,0,0,26263392,0
609,122487,37213,-42757,29717,-1,562,-541,0,0,-162408,701441,0,0,0,0,0,0,0,7143,0,-1024855,-416373,0,0,0,0,0,0,0,3299198,0
353124,-516800979,-73231570,77349230,-32948348,746,-533586,472049,0,0,112242157,-410325623,0,0,0,0,0,0,-3,-5064107,0,636194986,222286292,0,0,0,0,0,0,0,-998839523,0
-18136,-282013,1820689,24894970,-3157484,55,-23502,10700,0,0,-2972650,26686745,0,0,0,0,0,0,0,-510565,0,49319031,11527992,0,0,0,0,0,0,0,51116120,0
467,126922,37408,-94742,37699,-1,634,-582,0,0,-155214,612225,0,0,0,0,0,0,0,10633,0,-1389081,-513263,0,0,0,0,0,0,0,2917424,0
251057,-437834824,-56355322,137468924,-36770122,784,-514283,425202,0,0,84783267,-263261341,0,0,0,0,0,0,-3,-5661342,0,667441954,216282800,0,0,0,0,0,0,0,-666742155,0
-12691,595531,1788696,20331999,-2407793,40,-15591,5181,0,0,-3499681,26287349,0,0,0,0,0,0,0,-353280,0,31724137,6173072,0,0,0,0,0,0,0,60605444,0
306,107488,31268,-123045,37906,-1,583,-511,0,0,-120295,420086,0,0,0,0,0,0,0,11537,0,-1424917,-492451,0,0,0,0,0,0,0,1953381,0
110756,-417132215,-15840615,452496170,-66788402,1227,-606698,361896,0,0,-8070213,285173351,0,0,0,0,0,0,-5,-7411155,0,703165652,157571330,0,0,0,0,0,0,0,693824822,0
-5679,4548225,3185758,12812619,-532825,1,9957,-15529,0,0,-7032431,33397101,0,0,0,0,0,0,0,240565,0,-35536151,-14353644,0,0,0,0,0,0,0,73477630,0
124,80100,36037,-298858,60581,-1,710,-514,0,0,-39767,-160897,0,0,0,0,0,0,0,16800,0,-1737185,-451503,0,0,0,0,0,0,0,-1624109,0
114533,-494980587,-5323339,609228866,-83837621,1501,-695694,372549,0,0,-40626225,492156856,0,0,0,0,0,0,-5,-7860292,0,689514225,126408978,0,0,0,0,0,0,0,1141178885,0
-5924,6334360,4297186,12899351,-71024,-11,19078,-24009,0,0,-8986077,39216805,0,0,0,0,0,0,0,453562,0,-59737874,-21676442,0,0,0,0,0,0,0,72289490,0
131,84395,48245,-388407,76659,-2,868,-606,0,0,-26344,-334050,0,0,0,0,0,0,0,19413,0,-1918373,-452715,0,0,0,0,0,0,0,-2757656,0
94086,-464261807,10068572,638013037,-81690091,1420,-607930,276822,0,0,-70807518,612633461,0,0,0,0,0,0,-4,-5940762,0,450978790,45181903,0,0,0,0,0,0,0,1329000526,0
-4907,6813948,4612547,9685547,517307,-22,25314,-28108,0,0,-8956853,35560467,0,0,0,0,0,0,0,586429,0,-72241355,-24298941,0,0,0,0,0,0,0,47753784,0
109,67447,52354,-391700,76018,-1,836,-563,0,0,-4823,-446932,0,0,0,0,0,0,0,17012,0,-1581898,-320426,0,0,0,0,0,0,0,-3286986,0
34116,-191252776,11645415,289718932,-34298473,575,-221394,74828,0,0,-44260421,317087451,0,0,0,0,0,0,-1,-1606962,0,78924394,-18488897,0,0,0,0,0,0,0,629601951,0
-1794,3162726,2191916,2888500,480479,-15,13780,-14061,0,0,-3877980,13782039,0,0,0,0,0,0,0,307851,0,-36132184,-11412086,0,0,0,0,0,0,0,8991720,0
40,22246,25416,-170632,32849,-1,352,-230,0,0,6238,-238176,0,0,0,0,0,0,0,6208,0,-526738,-78322,0,0,0,0,0,0,0,-1595784,0
10635,-117031204,69896157,263569087,-9156250,-15,210115,-299748,0,0,-111500351,446004654,0,0,0,0,0,0,3,6058079,0,-714324160,-222773089,0,0,0,0,0,0,0,57118675,0
-600,3122042,3675231,-3773790,1756876,-39,26478,-21394,0,0,-2695198,-253615,0,0,0,0,0,0,0,362927,0,-32839197,-6136432,0,0,0,0,0,0,0,-55351108,0
14,-15670,41546,-103008,21594,0,209,-108,0,0,32636,-299652,0,0,0,0,0,0,0,-3284,0,566989,255395,0,0,0,0,0,0,0,-767087,0
10909,-133077952,103999044,311541840,-3497578,-195,380586,-469008,0,0,-150503787,551554145,0,0,0,0,0,0,5,9080279,0,-1024754606,-300581242,0,0,0,0,0,0,0,-178852766,0
-628,3730390,5001078,-5635762,2390460,-53,34945,-27666,0,0,-3045429,-3140796,0,0,0,0,0,0,0,415165,0,-34907006,-5056946,0,0,0,0,0,0,0,-75018563,0
14,-24808,52752,-108107,23028,0,214,-101,0,0,42758,-353038,0,0,0,0,0,0,0,-5811,0,872430,353181,0,0,0,0,0,0,0,-538281,0
10015,-135409032,137110772,326617510,5693606,-430,566532,-635945,0,0,-180305566,602359182,0,0,0,0,0,0,7,11721420,0,-1273292883,-351961348,0,0,0,0,0,0,0,-498285734,0
-590,3956563,6075320,-7181060,2866875,-63,40891,-31796,0,0,-3042516,-6478135,0,0,0,0,0,0,0,409310,0,-31049820,-2518816,0,0,0,0,0,0,0,-87045806,0
14,-32585,58106,-97610,20724,0,178,-68,0,0,49876,-363393,0,0,0,0,0,0,0,-8185,0,1122325,416770,0,0,0,0,0,0,0,-103638,0
8234,-123547722,160722101,303976911,16050817,-659,718227,-755187,0,0,-192324068,581792569,0,0,0,0,0,0,8,13169371,0,-1380699269,-359098627,0,0,0,0,0,0,0,-807437393,0
-498,3731649,6586934,-7933606,3039171,-66,42465,-32485,0,0,-2679157,-9242777,0,0,0,0,0,0,0,344330,0,-22202732,733532,0,0,0,0,0,0,0,-86859168,0
12,-36509,55084,-74598,14996,0,104,-14,0,0,52333,-326174,0,0,0,0,0,0,0,-9646,0,1232259,422396,0,0,0,0,0,0,0,406944,0
5861,-97824992,162194162,242636998,23542308,-783,762571,-763715,0,0,-176846558,480349961,0,0,0,0,0,0,8,12523834,0,-1268313337,-308965333,0,0,0,0,0,0,0,-968410734,0
-364,3027392,6153717,-7412046,2755075,-59,37800,-28474,0,0,-1994037,-10201878,0,0,0,0,0,0,0,233608,0,-10948667,3474178,0,0,0,0,0,0,0,-71988540,0
9,-34204,42780,-44962,7244,0,14,46,0,0,48128,-245351,0,0,0,0,0,0,0,-9406,0,1127753,355677,0,0,0,0,0,0,0,792896,0
542,-60749206,768348157,-62037613,170811060,-3958,2736415,-2182424,0,0,-236272499,-111590549,0,0,0,0,0,0,7,7811074,0,-264267066,161350486,0,0,0,0,0,0,0,-1220802204,0
-44,1178508,4092720,-7694974,-2636966,74,-65139,62903,0,0,12174239,-15655979,0,0,0,0,0,0,-1,-1044016,0,78635633,5353791,0,0,0,0,0,0,0,172563300,0
2,-18452,-259354,140688,-190153,4,-3188,2630,0,0,287535,428101,0,0,0,0,0,0,0,-7027,0,-582974,-726501,0,0,0,0,0,0,0,1677772,0
471,-65472295,896542014,-99931116,183066668,-4190,2839191,-2219355,0,0,-218855473,-184102925,0,0,0,0,0,0,5,4732132,0,-1071668,195535454,0,0,0,0,0,0,0,-696213798,0
-38,1213574,2345817,-7619191,-4780640,126,-104265,96556,0,0,16641986,-14108932,0,0,0,0,0,0,-1,-1255138,0,84319349,-513590,0,0,0,0,0,0,0,210044092,0
1,-15764,-310536,156966,-231238,5,-3884,3202,0,0,347310,514523,0,0,0,0,0,0,0,-5737,0,-918360,-881780,0,0,0,0,0,0,0,1012995,0
354,-60988884,893675689,-123321697,162119456,-3652,2406696,-1827303,0,0,-155300924,-224306887,0,0,0,0,0,0,2,318052,0,275423045,180451961,0,0,0,0,0,0,0,39374550,0
-28,1101611,-75978,-6383674,-6556427,168,-133937,120922,0,0,19229152,-10006783,0,0,0,0,0,0,-1,-1280659,0,75817876,-7353329,0,0,0,0,0,0,0,212586126,0
1,-11041,-310985,147922,-237580,6,-3997,3291,0,0,354562,518802,0,0,0,0,0,0,0,-3339,0,-1111418,-886084,0,0,0,0,0,0,0,57446,0
142,-30109571,467292185,-75409604,71568311,-1574,992463,-716721,0,0,-44094175,-132433733,0,0,0,0,0,0,-1,-2180644,0,274430691,75241667,0,0,0,0,0,0,0,405275272,0
-11,541813,-1295589,-2772643,-4420685,111,-86799,77052,0,0,11554496,-3152304,0,0,0,0,0,0,-1,-681719,0,34990530,-7433680,0,0,0,0,0,0,0,110008271,0
0,-3846,-159983,72312,-126560,3,-2131,1752,0,0,187288,270045,0,0,0,0,0,0,0,-504,0,-664106,-452997,0,0,0,0,0,0,0,-467902,0
46,-22934965,426867179,-110654348,-48921623,1402,-1279422,1261008,0,0,229777500,-111715104,0,0,0,0,0,0,-12,-14414953,0,683828408,-194146977,0,0,0,0,0,0,0,2043843018,0
-3,525326,-6718283,-701224,-9536956,232,-173212,147847,0,0,19040220,6223024,0,0,0,0,0,0,-1,-616469,0,7062838,-21606905,0,0,0,0,0,0,0,54886138,0
0,-495,-88592,38687,-98276,2,-1596,1264,0,0,112928,183796,0,0,0,0,0,0,0,6698,0,-765556,-148886,0,0,0,0,0,0,0,-2483622,0
37,-20682658,394144169,-110259036,-81452971,2187,-1859564,1751329,0,0,290845787,-86048807,0,0,0,0,0,0,-14,-16108575,0,683725388,-264752422,0,0,0,0,0,0,0,2153835319,0
-2,509656,-7159341,-422365,-10022584,243,-180554,153332,0,0,19356893,7358227,0,0,0,0,0,0,-1,-546756,0,1290914,-21876231,0,0,0,0,0,0,0,34278899,0
0,-767,-63206,30439,-80116,2,-1258,967,0,0,72588,146199,0,0,0,0,0,0,0,8131,0,-700207,-38534,0,0,0,0,0,0,0,-2576787,0
4,-4380156,108526925,-84655952,-386204409,9332,-6836609,5692955,0,0,673037692,176836228,0,0,0,0,0,0,-13,-11669316,0,36015937,-394977203,0,0,0,0,0,0,0,144853114,0
0,190616,-3671084,270684,-6648050,147,-89380,58487,0,0,738548,3116798,0,0,0,0,0,0,1,660265,0,-18254111,19376606,0,0,0,0,0,0,0,-70293145,0
0,-3306,54967,2379,72412,-2,1954,-2023,0,0,-380527,-142877,0,0,0,0,0,0,0,15990,0,93979,694605,0,0,0,0,0,0,0,525076,0
5,-6284698,161217214,-139761021,-681836984,16390,-11890625,9800197,0,0,1119653595,310107973,0,0,0,0,-1,0,-18,-15318189,0,-42976548,-532258824,0,1,0,0,0,0,0,-150277628,0
0,276913,-5438992,485570,-10164070,219,-123632,71054,0,0,-3781485,3318089,0,0,0,0,0,0,1,1304328,0,-29012127,41153263,0,0,0,0,0,0,0,-108734058,0
0,-5161,86556,4664,120726,-3,3341,-3481,0,0,-656659,-247499,0,0,0,0,0,0,0,25207,0,221963,1102766,0,0,0,0,0,0,0,1347913,0
4,-5356858,142556733,-137106037,-710744758,16990,-12193394,9933740,0,0,1090484784,316171616,0,0,0,0,0,0,-13,-10405227,0,-139259953,-372956411,0,0,0,0,0,0,0,-503240838,0
0,237031,-4763108,520481,-9182837,191,-97115,43695,0,0,-8838266,1380121,0,0,0,0,0,0,1,1481078,0,-26895653,49005439,0,0,0,0,0,0,0,-96082278,0
0,-4689,79067,5168,115528,-3,3303,-3471,0,0,-656923,-247733,0,0,0,0,0,0,0,22655,0,275107,994299,0,0,0,0,0,0,0,1729037,0
2,-3662814,101273156,-107774712,-590585435,14032,-9950837,8000588,0,0,837691122,253154001,0,0,0,0,0,0,-6,-3975424,0,-182086444,-151918223,0,0,0,0,0,0,0,-646413369,0
0,161453,-3332128,447688,-6627884,132,-57270,13580,0,0,-11069523,-417790,0,0,0,0,0,0,1,1310432,0,-19592422,44766644,0,0,0,0,0,0,0,-64923701,0
0,-3347,56665,4331,85816,-3,2554,-2708,0,0,-513631,-193566,0,0,0,0,0,0,0,15402,0,255252,676361,0,0,0,0,0,0,0,1617699,0
0,-524809,19723442,-45684284,-368875334,8094,-4808667,3062507,0,0,38171942,40324080,0,0,0,0,0,0,20,19642213,0,-227878872,680419205,0,-1,0,0,0,0,0,-405304255,0
0,19495,-585691,300808,-1462809,6,33622,-58179,0,0,-15792593,-4286532,0,0,0,0,0,0,1,438146,0,1660085,14034125,0,0,0,0,0,0,0,21799610,0
0,-332,7186,-267,23134,-1,566,-446,0,0,14477,-5712,0,0,0,0,0,0,0,-16226,0,173021,-642664,0,0,0,0,0,0,0,354597,0
0,-660244,25451529,-63886264,-534617658,11600,-6703649,4086032,0,0,-23076481,36439003,0,0,0,0,1,0,30,29946659,0,-314572266,1030127218,0,-1,0,0,0,0,0,-466313397,0
0,24539,-762888,427353,-1814272,1,54244,-87722,0,0,-22225864,-6131439,0,0,0,0,0,0,1,432798,0,4265682,12443473,0,0,0,0,0,0,0,34285592,0
0,-396,9189,-379,39264,-1,777,-518,0,0,74974,8590,0,0,0,0,0,0,0,-26824,0,239941,-1048336,0,0,0,0,0,0,0,290238,0
0,-554075,21895258,-59600832,-516011683,11068,-6212602,3605870,0,0,-94330030,14708798,0,0,0,0,1,0,30,29670201,0,-283281604,1010926892,0,-1,0,0,0,0,0,-329342212,0
0,20740,-663754,405985,-1413506,-7,57484,-87197,0,0,-20481348,-5734043,0,0,0,0,0,0,0,203466,0,5810428,3739829,0,0,0,0,0,0,0,34086312,0
0,-321,7992,-155,45154,-1,727,-391,0,0,119817,22899,0,0,0,0,0,0,0,-28453,0,218749,-1096475,0,0,0,0,0,0,0,70631,0
0,-407914,18444063,-75556420,-750919256,15158,-7194579,2919374,0,0,-558760998,-101580077,0,0,0,0,1,0,36,33023076,0,-171169378,993666921,0,-1,0,0,0,0,0,260931724,0
0,16493,-582918,653532,1767558,-90,120179,-133049,0,0,-17828599,-5483521,0,0,0,0,0,0,-1,-1434787,0,18113855,-58636251,0,0,0,0,0,0,0,28603272,0
0,-269,8092,4168,129228,-2,760,245,0,0,392715,99224,0,0,0,0,0,0,0,-42236,0,164930,-1495078,0,0,0,0,0,0,0,-1023686,0
0,-403838,18842962,-83479629,-846995008,16887,-7716132,2807517,0,0,-701254601,-135899628,0,0,0,0,1,0,35,31357085,0,-121351921,879392769,0,-1,0,0,0,0,0,394030666,0
0,16527,-595898,785908,3193212,-124,143071,-148645,0,0,-16789361,-5352884,0,0,0,0,0,0,-2,-1991414,0,21910247,-79286736,0,0,0,0,0,0,0,23081259,0
0,-281,8481,5784,156308,-3,698,500,0,0,462891,118222,0,0,0,0,0,0,0,-43476,0,136932,-1499588,0,0,0,0,0,0,0,-1282991,0
0,-340510,16420339,-78439799,-810704893,15967,-7012320,2236706,0,0,-732306224,-148607739,0,0,0,0,1,0,27,23245543,0,-42703150,569764438,0,-1,0,0,0,0,0,443735802,0
0,14050,-518420,810927,4303413,-141,143717,-140005,0,0,-12817195,-4304803,0,0,0,0,0,0,-2,-2241604,0,22129036,-87447067,0,0,0,0,0,0,0,12520573,0
0,-248,7492,6415,156813,-3,515,673,0,0,453630,116894,0,0,0,0,0,0,0,-36367,0,79502,-1208270,0,0,0,0,0,0,0,-1304920,0
0,-118475,6771888,-44155781,-487222692,8988,-3076067,5510,0,0,-575785291,-131822900,0,0,0,0,0,0,-14,-16855654,0,238255018,-834645087,0,1,0,0,0,0,0,173256590,0
0,4821,-213766,759493,7037738,-175,126670,-92300,0,0,2206210,-78832,0,0,0,0,0,0,-2,-2098538,0,14012542,-73414962,0,0,0,0,0,0,0,-23151303,0
0,-92,2782,3832,81005,-2,1914,-1125,0,0,239736,65118,0,0,0,0,0,0,0,-1171,0,-142030,318204,0,0,0,0,0,0,0,-593524,0
0,-108596,6400324,-43760281,-487245870,8802,-2747418,-355226,0,0,-596179219,-138482258,0,0,0,0,0,0,-23,-25452594,0,300365424,-1142982544,0,1,0,0,0,0,0,90616593,0
0,4390,-204382,829211,8029980,-208,154818,-112044,0,0,4169684,421471,0,0,0,0,0,0,-2,-2212281,0,13484410,-73890325,0,0,0,0,0,0,0,-28691879,0
0,-83,2535,3134,70414,-3,3560,-2705,0,0,222300,61490,0,0,0,0,0,0,0,1358,0,-184837,581582,0,0,0,0,0,0,0,-472778,0
0,-70567,4278206,-30531061,-342723623,6001,-1607933,-591328,0,0,-432673453,-101820910,0,0,0,0,0,0,-23,-24732641,0,257409804,-1038734088,0,1,0,0,0,0,0,-10613138,0
0,2842,-139071,634802,6361207,-179,142541,-105460,0,0,4309848,648787,0,0,0,0,0,0,-2,-1643276,0,8918447,-51195703,0,0,0,0,0,0,0,-23704313,0
0,-52,1645,1533,40132,-3,4371,-3684,0,0,141880,40182,0,0,0,0,0,0,0,1276,0,-160500,601942,0,0,0,0,0,0,0,-229375,0
0,-28537,1946673,-16787158,-195719076,-1195,6346246,-7260493,0,0,-286288560,-71694030,0,0,0,0,-2,0,-66,-60192963,0,338803084,-1630964512,0,2,0,0,0,0,0,-475233530,0
0,1272,-78975,556147,6170472,-619,821842,-731655,0,0,7271977,1633432,0,0,0,0,0,0,-3,-2313215,0,49672,-8708716,0,0,0,0,0,0,0,-17179938,0
0,-19,949,-3547,-31803,-19,30388,-28322,0,0,5721,6192,0,0,0,0,0,0,0,-49139,0,-181915,983589,0,0,0,0,0,0,0,395227,0
0,-28867,1995941,-17656493,-206997584,-4292,11415170,-12091983,0,0,-309179022,-78122041,0,0,0,0,-3,0,-93,-81654642,0,398560952,-1951505306,0,2,0,0,0,0,0,-626553224,0
0,1337,-84962,623291,6977216,-931,1284445,-1156630,0,0,8588504,1971165,0,0,0,0,0,0,-5,-3267729,0,-1556626,-1440052,0,0,0,0,0,0,0,-16475867,0
0,-21,1085,-4872,-47007,-28,44522,-41527,0,0,-12040,2330,0,0,0,0,0,0,0,-78679,0,-200900,1120607,0,0,0,0,0,0,0,526352,0
0,-22650,1586249,-14388967,-169628919,-7329,15264137,-15440213,0,0,-258537580,-65898292,0,0,0,0,-3,0,-102,-87034407,0,361046408,-1795037597,0,2,0,0,0,0,0,-625215053,0
0,1094,-70898,539348,6085497,-1084,1538579,-1396804,0,0,7793800,1822690,0,0,0,0,0,0,-5,-3662686,0,-2812115,6442556,0,0,0,0,0,0,0,-11325101,0
0,-17,970,-4979,-50284,-32,49603,-46262,0,0,-25984,-1917,0,0,0,0,0,0,0,-93206,0,-168223,966901,0,0,0,0,0,0,0,517985,0
0,-125,16548,-649573,-14767463,-684864,1006594888,-890041078,0,0,10561077,1549484,0,0,0,0,-80,0,-1474,-998516472,0,-20014060,39616438,0,-11,0,0,0,0,0,-4359232,0
0,13,-1323,18026,192510,-6217,7027270,-4164540,0,0,669348,184854,0,0,0,0,3,0,73,54340183,0,-870194,8641493,0,1,0,0,0,0,0,6722260,0
0,-1,59,-696,-6680,187,-327616,340335,0,0,-27431,-7211,0,0,0,0,0,0,2,1629419,0,110171,-504715,0,0,0,0,0,0,0,-272064,0
0,-89,12832,-603423,-14368827,-713500,1040529278,-912146291,0,0,12710012,2129302,0,0,0,0,-70,0,-1208,-799538894,0,-21925260,64051341,0,-7,0,0,0,0,0,15694566,0
0,9,-945,13637,153374,-4818,4511928,-1503701,0,0,481803,135985,0,0,0,0,4,0,91,67636440,0,-72532,5082349,0,1,0,0,0,0,0,4822441,0
0,0,44,-499,-4115,192,-340377,355194,0,0,-23089,-5992,0,0,0,0,0,0,2,1578562,0,97284,-438069,0,0,0,0,0,0,0,-238394,0
0,-49,7830,-436690,-10787316,-565480,817251379,-709210573,0,0,10952312,1963519,0,0,0,0,-44,0,-671,-423364002,0,-16283831,59205833,0,-3,0,0,0,0,0,22856517,0
0,5,-509,8111,100934,-2598,1459971,977238,0,0,248084,73133,0,0,0,0,3,0,84,61682447,0,485176,1529455,0,1,0,0,0,0,0,2425122,0
0,0,25,-260,-1589,145,-262456,276858,0,0,-14757,-3770,0,0,0,0,0,0,2,1119156,0,64199,-284828,0,0,0,0,0,0,0,-156359,0
0,-9,2021,-188553,-5302833,-544126,526000342,-226145717,0,0,6972423,1519942,0,0,0,0,156,0,3301,2313045103,0,42346002,-82815577,0,27,0,0,0,0,0,-7646132,0
0,0,-63,5090,125230,-5115,-6233073,16823409,0,0,-187538,-34201,0,0,0,0,5,0,55,28278082,0,811819,-2619493,0,0,0,0,0,0,0,-1085062,0
0,0,0,-25,-759,-253,121126,89953,0,0,-215,-106,0,0,0,0,0,0,-2,-1570594,0,-34187,85751,0,0,0,0,0,0,0,22331,0
0,-8,1802,-171214,-4877970,-565096,505896008,-166604271,0,0,6317659,1399497,0,0,0,0,172,0,3467,2388291607,0,44666231,-90662048,0,25,0,0,0,0,0,-11086506,0
0,0,-62,4859,118331,-7181,-5199278,17487974,0,0,-188296,-34860,0,0,0,0,5,0,41,15865376,0,540452,-1934987,0,-1,0,0,0,0,0,-902879,0
0,0,0,-34,-997,-279,144053,84148,0,0,-15,-70,0,0,0,0,0,0,-2,-1622128,0,-35569,90073,0,0,0,0,0,0,0,24367,0
0,-4,974,-94793,-2743543,-363447,299856464,-64220160,0,0,3467956,782188,0,0,0,0,115,0,2193,1482047667,0,28190572,-58847455,0,14,0,0,0,0,0,-8495898,0
0,0,-37,2796,67237,-5760,-2456500,11089417,0,0,-114925,-21593,0,0,0,0,3,0,16,2004416,0,161367,-753827,0,-1,0,0,0,0,0,-434525,0
0,0,0,-25,-723,-181,98572,48083,0,0,89,-24,0,0,0,0,0,0,-1,-991291,0,-21846,55680,0,0,0,0,0,0,0,15465,0
0,0,127,-46979,-2312511,-1732641,684768482,885900391,0,0,-2164352,-295685,0,0,0,0,74,0,446,-98835299,0,-1400728,1479720,0,-26,0,0,0,0,0,-732674,0
0,0,-5,629,15917,-23511,-36768,4622008,0,0,-53106,-12164,0,0,0,0,13,0,-26,-37777199,0,-769954,1786045,0,0,0,0,0,0,0,415010,0
0,0,0,-3,276,-537,-210650,-397342,0,0,2040,399,0,0,0,0,2,0,5,887497,0,17679,-39688,0,0,0,0,0,0,0,-7955,0
0,0,142,-57472,-2888715,-2336319,874024836,1149404067,0,0,-2975845,-426310,0,0,0,0,184,0,559,-279224984,0,-4910743,9143657,0,-33,0,0,0,0,0,764520,0
0,0,-5,788,23549,-36398,-2200680,1946694,0,0,-48037,-11683,0,0,0,0,35,0,27,-39627542,0,-811357,1893957,0,0,0,0,0,0,0,451431,0
0,0,0,-1,451,-910,-284215,-515510,0,0,2551,497,0,0,0,0,2,0,8,1129366,0,22587,-51015,0,0,0,0,0,0,0,-10543,0
0,0,123,-53889,-2757086,-2436682,849124658,1131365827,0,0,-3060209,-453082,0,0,0,0,333,0,753,-395295542,0,-7306424,14793040,0,-33,0,0,0,0,0,2152841,0
0,0,-4,778,26881,-43164,-4353506,-1990940,0,0,-28250,-7804,0,0,0,0,53,0,91,-30540529,0,-629080,1480418,0,-1,0,0,0,0,0,364074,0
0,0,0,1,505,-960,-283139,-498950,0,0,2396,464,0,0,0,0,2,0,8,1070036,0,21460,-48686,0,0,0,0,0,0,0,-10298,0
0,0,29,-13773,-715232,-699398,223498308,300919958,0,0,-841690,-127613,0,0,0,0,148,0,316,-131119309,0,-2477770,5190730,0,-10,0,0,0,0,0,882371,0
0,0,-1,214,8321,-13442,-1756567,-1554850,0,0,-2772,-1167,0,0,0,0,19,0,41,-6057984,0,-125910,299810,0,0,0,0,0,0,0,76925,0
0,0,0,1,143,-195,-74276,-128141,0,0,601,116,0,0,0,0,1,0,2,269372,0,5414,-12324,0,0,0,0,0,0,0,-2657,0
0,0,7,-4428,-244169,7451678,80696995,112881193,0,0,-353762,-57739,0,0,0,0,-13849,0,-45840,-89526530,0,-1775572,4002598,0,1028,0,0,0,0,0,966084,0
0,0,0,214,11757,944956,-3859016,-5379250,0,0,16658,2695,0,0,0,0,-1605,0,-5198,3873977,0,75775,-166763,0,112,0,0,0,0,0,-33635,0
0,0,0,-2,-128,36253,41237,56389,0,0,-165,-26,0,0,0,0,-61,0,-198,-28992,0,-545,1117,0,4,0,0,0,0,0,112,0
0,0,0,62,11775,1146357905,1616714,937970,0,0,-607,-36,0,0,0,0,-1008392,0,-2808361,-16382,0,-680,3077,0,45822,0,0,0,0,0,3975,0
0,0,0,-1,-6,4187580,19886,20819,0,0,-34,-2,0,0,0,0,50394,0,186000,39178,0,937,-2740,0,-4561,0,0,0,0,0,-1793,0
0,0,0,0,-4,-479040,-905,-630,0,0,0,0,0,0,0,0,255,0,396,-1846,0,-43,119,0,10,0,0,0,0,0,69,0
0,0,0,71,14024,1383114209,2003580,1198055,0,0,-858,-54,0,0,0,0,-1005413,0,-2625183,117063,0,2470,-5978,0,37114,0,0,0,0,0,-1662,0
0,0,0,-1,-42,515509,14429,17711,0,0,-34,-3,0,0,0,0,55378,0,199290,32376,0,783,-2319,0,-4682,0,0,0,0,0,-1571,0
0,0,0,0,-4,-585347,-1303,-1061,0,0,1,0,0,0,0,0,-1760,0,-7157,-1590,0,-38,108,0,205,0,0,0,0,0,67,0
0,0,0,68,13833,1378119702,2037322,1245562,0,0,-959,-63,0,0,0,0,-854231,0,-2092751,210575,0,4739,-12723,0,25167,0,0,0,0,0,-6292,0
0,0,0,-1,-75,-4005970,4140,9137,0,0,-23,-2,0,0,0,0,30261,0,101586,21807,0,531,-1588,0,-2040,0,0,0,0,0,-1108,0
0,0,0,0,-4,-578662,-1331,-1124,0,0,2,0,0,0,0,0,-4942,0,-18863,-1171,0,-28,83,0,497,0,0,0,0,0,53,0
0,0,0,0,-15,-1583379,-2498,-1641,4,0,2,0,0,0,0,0,-600915288,0,-1895660963,3344,0,32,-45,0,35885795,0,0,0,0,0,-7,0
0,0,0,0,0,7306,10,6,0,0,0,0,0,0,0,0,-8822402,0,-3268519,3,0,0,0,0,-907225,0,0,0,0,0,1,0
0,0,0,0,0,5030,8,5,0,0,0,0,0,0,0,0,7022,0,914896,0,0,0,0,0,-52140,0,0,0,0,0,0,0
0,0,0,0,-17,-1737087,-2747,-1809,6,0,2,0,0,0,0,0,-728764084,0,-2186247387,3868,0,37,-52,0,36945967,0,0,0,0,0,-7,0
0,0,0,0,0,41776,64,40,0,0,0,0,0,0,0,0,-10227042,0,4557373,0,0,0,0,0,-1534970,0,0,0,0,0,0,0
0,0,0,0,0,2979,5,3,0,0,0,0,0,0,0,0,-21022,0,1089666,-1,0,0,0,0,-65673,0,0,0,0,0,0,0
0,0,0,0,-15,-1499674,-2380,-1574,6,0,2,0,0,0,0,0,-733254298,0,-2067249305,3694,0,36,-51,0,29460112,0,0,0,0,0,-7,0
0,0,0,0,1,54651,84,53,0,0,0,0,0,0,0,0,-10087777,0,12492571,-9,0,0,0,0,-1976620,0,0,0,0,0,0,0
0,0,0,0,0,1042,2,1,0,0,0,0,0,0,0,0,-52981,0,1047160,-1,0,0,0,0,-67120,0,0,0,0,0,0,0
0,0,0,0,-1,-90699,-156,-113,96,0,0,0,0,0,0,0,-2012413877,0,778159310,-1018,0,-7,7,0,-195174294,0,0,0,0,0,0,0
0,0,0,0,0,4515,8,5,6,0,0,0,0,0,0,0,-1053697,0,19787928,-36,0,0,1,0,7987419,0,0,0,0,0,0,0
0,0,0,0,0,-96,0,0,0,0,0,0,0,0,0,0,692628,0,-831412,1,0,0,0,0,451452,0,0,0,0,0,0,0
0,0,0,0,-1,-75906,-132,-96,120,0,0,0,0,0,0,0,-1996177530,0,831396315,-1119,0,-8,9,0,-160257142,0,0,0,0,0,1,0
0,0,0,0,0,3781,6,4,8,0,0,0,0,0,0,0,4379215,0,13418576,-26,0,0,0,0,11666729,0,0,0,0,0,0,0
0,0,0,0,0,-88,0,0,0,0,0,0,0,0,0,0,708255,0,-787766,1,0,0,0,0,511599,0,0,0,0,0,0,0
0,0,0,0,0,-48705,-85,-63,116,0,0,0,0,0,0,0,-1502029191,0,661002842,-908,0,-7,8,0,-85812117,0,0,0,0,0,1,0
0,0,0,0,0,2392,4,3,8,0,0,0,0,0,0,0,7511862,0,5732887,-12,0,0,0,0,12089436,0,0,0,0,0,0,0
0,0,0,0,0,-59,0,0,0,0,0,0,0,0,0,0,535334,0,-557247,1,0,0,0,0,436403,0,0,0,0,0,0,0
0,0,0,0,0,-2493,-5,-4,697,0,0,0,0,0,0,0,-176393750,0,100143781,-153,0,-1,3,0,1278914653,0,0,0,0,0,0,0
0,0,0,0,0,148,0,0,16,0,0,0,0,0,0,0,9018113,0,-4404440,6,0,0,0,0,29800467,0,0,0,0,0,0,0
0,0,0,0,0,-3,0,0,3,0,0,0,0,0,0,0,-167975,0,83691,0,0,0,0,0,-291304,0,0,0,0,0,0,0
0,0,0,0,0,-766,-1,-1,10759,0,0,0,0,0,0,0,-94045640,0,71272405,-123,0,-1,5,0,3108466343,0,0,0,0,0,0,0
0,0,0,0,0,66,0,0,738,0,0,0,0,0,0,0,4192896,0,-2181763,3,0,0,0,0,-402785,0,0,0,0,0,0,0
0,0,0,0,0,-2,0,0,-14,0,0,0,0,0,0,0,-126973,0,55345,0,0,0,0,0,-1287577,0,0,0,0,0,0,0
0,0,0,0,0,-569,-1,-1,13002,0,0,0,0,0,0,0,-81627181,0,64822329,-114,0,-1,5,0,3111156205,0,0,0,0,0,0,0
0,0,0,0,0,50,0,0,481,0,0,0,0,0,0,0,3339480,0,-1819241,3,0,0,0,0,-10379369,0,0,0,0,0,0,0
0,0,0,0,0,-2,0,0,-58,0,0,0,0,0,0,0,-100472,0,42069,0,0,0,0,0,-1272349,0,0,0,0,0,0,0
0,0,0,0,0,0,0,0,657238739,0,0,0,0,0,1206,0,214,0,-116,0,0,0,0,0,-1955,0,0,0,0,0,0,0
0,0,0,0,0,0,0,0,3483509,0,0,0,0,0,-41,0,0,0,1,0,0,0,0,0,214,0,0,0,0,0,0,0
0,0,0,0,0,0,0,0,-270585,0,0,0,0,0,-3,0,5,0,-4,0,0,0,0,0,-320,0,0,0,0,0,0,0
0,0,0,0,0,0,0,0,1502249538,0,0,0,0,0,2320,0,583,0,-352,0,0,0,0,0,-9843,0,0,0,0,0,0,0
0,0,0,0,0,0,0,0,3032786,0,0,0,0,0,-139,0,54,0,-50,0,0,0,0,0,-3346,0,0,0,0,0,0,0
0,0,0,0,0,0,0,0,-632967,0,0,0,0,0,-6,0,4,0,-4,0,0,0,0,0,-297,0,0,0,0,0,0,0
0,0,0,0,0,0,0,0,1492854607,0,0,0,0,0,1756,0,792,0,-553,0,0,0,0,0,-23622,0,0,0,0,0,0,0
0,0,0,0,0,0,0,0,-1877932,0,0,0,0,0,-176,0,68,0,-65,0,0,0,0,0,-4512,0,0,0,0,0,0,0
0,0,0,0,0,0,0,0,-630503,0,0,0,0,0,-4,0,0,0,0,0,0,0,0,0,-36,0,0,0,0,0,0,0
0,0,0,0,0,0,0,0,943814479,0,0,0,0,0,717,0,648,0,-493,0,0,0,0,0,-24804,0,0,0,0,0,0,0
0,0,0,0,0,0,0,0,-4282637,0,0,0,0,0,-119,0,38,0,-38,0,0,0,0,0,-2674,0,0,0,0,0,0,0
0,0,0,0,0,0,0,0,-391409,0,0,0,0,0,1,0,-1,0,1,0,0,0,0,0,66,0,0,0,0,0,0,0
0,0,0,0,0,0,0,0,-1515,0,0,0,0,0,1720711662,0,0,0,0,0,0,0,0,0,0,0,0,0,0,0,0,0
0,0,0,0,0,0,0,0,63,0,0,0,0,0,5944905,0,0,0,0,0,0,0,0,0,0,0,0,0,0,0,0,0
0,0,0,0,0,0,0,0,1,0,0,0,0,0,-720003,0,0,0,0,0,0,0,0,0,0,0,0,0,0,0,0,0
0,0,0,0,0,0,0,0,-1432,0,0,0,0,0,1912786725,0,0,0,0,0,0,0,0,0,0,0,0,0,0,0,0,0
0,0,0,0,0,0,0,0,68,0,0,0,0,0,334992,0,0,0,0,0,0,0,0,0,0,0,0,0,0,0,0,0
0,0,0,0,0,0,0,0,-1,0,0,0,0,0,-809526,0,0,0,0,0,0,0,0,0,0,0,0,0,0,0,0,0
0,0,0,0,0,0,0,0,-1192,0,0,0,0,0,1871288085,0,0,0,0,0,0,0,0,0,0,0,0,0,0,0,0,0
0,0,0,0,0,0,0,0,57,0,0,0,0,0,-5808967,0,0,0,0,0,0,0,0,0,0,0,0,0,0,0,0,0
0,0,0,0,0,0,0,0,-2,0,0,0,0,0,-784746,0,0,0,0,0,0,0,0,0,0,0,0,0,0,0,0,0
0,0,0,0,0,0,0,0,0,0,0,0,0,8345,9291,0,0,0,0,0,0,0,0,0,0,0,0,0,0,0,0,0
0,0,0,0,0,0,0,0,0,0,0,0,0,439,-577,0,0,0,0,0,0,0,0,0,0,0,0,0,0,0,0,0
0,0,0,0,0,0,0,0,0,0,0,0,0,-40,-36,0,0,0,0,0,0,0,0,0,0,0,0,0,0,0,0,0
0,0,0,0,0,0,0,0,0,-12,0,0,0,1959652234,0,0,0,0,0,0,0,0,0,0,0,0,0,0,0,0,0,0
0,0,0,0,0,0,0,0,0,0,0,0,0,4155552,0,0,0,0,0,0,0,0,0,0,0,0,0,0,0,0,0,0
0,0,0,0,0,0,0,0,0,0,0,0,0,-827695,0,0,0,0,0,0,0,0,0,0,0,0,0,0,0,0,0,0
0,0,0,0,0,0,0,0,0,-14,0,0,0,1967067983,0,0,0,0,0,0,0,0,0,0,0,0,0,0,0,0,0,0
0,0,0,0,0,0,0,0,0,0,0,0,0,-2292530,0,0,0,0,0,0,0,0,0,0,0,0,0,0,0,0,0,0
0,0,0,0,0,0,0,0,0,0,0,0,0,-833295,0,0,0,0,0,0,0,0,0,0,0,0,0,0,0,0,0,0
0,0,0,0,0,0,0,0,0,-7,0,0,0,903239608,0,0,0,0,0,0,0,0,0,0,0,0,0,0,0,0,0,0
0,0,0,0,0,0,0,0,0,0,0,0,0,-4023117,0,0,0,0,0,0,0,0,0,0,0,0,0,0,0,0,0,0
0,0,0,0,0,0,0,0,0,0,0,0,0,-375925,0,0,0,0,0,0,0,0,0,0,0,0,0,0,0,0,0,0
0,0,0,0,0,0,0,0,0,1069353227,0,0,0,9,0,0,0,0,0,0,0,0,0,0,0,0,0,0,0,0,0,0
0,0,0,0,0,0,0,0,0,4229103,0,0,0,0,0,0,0,0,0,0,0,0,0,0,0,0,0,0,0,0,0,0
0,0,0,0,0,0,0,0,0,-446250,0,0,0,0,0,0,0,0,0,0,0,0,0,0,0,0,0,0,0,0,0,0
0,0,0,0,0,0,0,0,0,1546603950,0,0,0,15,0,0,0,0,0,0,0,0,0,0,0,0,0,0,0,0,0,0
0,0,0,0,0,0,0,0,0,1038555,0,0,0,1,0,0,0,0,0,0,0,0,0,0,0,0,0,0,0,0,0,0
0,0,0,0,0,0,0,0,0,-654856,0,0,0,0,0,0,0,0,0,0,0,0,0,0,0,0,0,0,0,0,0,0
0,0,0,0,0,0,0,0,0,1532272764,0,0,0,16,0,0,0,0,0,0,0,0,0,0,0,0,0,0,0,0,0,0
0,0,0,0,0,0,0,0,0,-3999722,0,0,0,1,0,0,0,0,0,0,0,0,0,0,0,0,0,0,0,0,0,0
0,0,0,0,0,0,0,0,0,-644881,0,0,0,0,0,0,0,0,0,0,0,0,0,0,0,0,0,0,0,0,0,0
0,0,0,0,0,0,0,0,0,0,0,0,-3,0,0,0,0,0,0,0,0,0,0,0,0,0,0,0,0,-4404501332,0,0
0,0,0,0,0,0,0,0,0,0,0,0,0,0,0,0,0,0,0,0,0,0,0,0,0,0,0,0,0,-6671526,0,0
0,0,0,0,0,0,0,0,0,0,0,0,0,0,0,0,0,0,0,0,0,0,0,0,0,0,0,0,0,1867511,0,0
0,0,0,0,0,0,0,0,0,0,0,0,-4,0,0,0,0,0,0,0,0,0,0,0,0,0,0,0,0,-4066417820,0,0
0,0,0,0,0,0,0,0,0,0,0,0,0,0,0,0,0,0,0,0,0,0,0,0,0,0,0,0,0,7226193,0,0
0,0,0,0,0,0,0,0,0,0,0,0,0,0,0,0,0,0,0,0,0,0,0,0,0,0,0,0,0,1722750,0,0
0,0,0,0,0,0,0,0,0,0,0,0,1491725660,0,0,0,0,0,0,0,0,0,0,0,0,0,0,0,0,0,0,0
0,0,0,0,0,0,0,0,0,0,0,0,5252112,0,0,0,0,0,0,0,0,0,0,0,0,0,0,0,0,-1,0,0
0,0,0,0,0,0,0,0,0,0,0,0,-624015,0,0,0,0,0,0,0,0,0,0,0,0,0,0,0,0,0,0,0
0,0,0,0,0,0,0,0,0,0,0,0,1738837264,0,0,0,0,0,0,0,0,0,0,0,0,0,0,0,0,-6,0,0
0,0,0,0,0,0,0,0,0,0,0,0,418072,0,0,0,0,0,0,0,0,0,0,0,0,0,0,0,0,-2,0,0
0,0,0,0,0,0,0,0,0,0,0,0,-736009,0,0,0,0,0,0,0,0,0,0,0,0,0,0,0,0,0,0,0
0,0,0,0,0,0,0,0,0,0,0,0,1678352070,0,0,0,0,0,0,0,0,0,0,0,0,0,0,0,0,-12,0,0
0,0,0,0,0,0,0,0,0,0,0,0,-5101245,0,0,0,0,0,0,0,0,0,0,0,0,0,0,0,0,-2,0,0
0,0,0,0,0,0,0,0,0,0,0,0,-704222,0,0,0,0,0,0,0,0,0,0,0,0,0,0,0,0,0,0,0
0,0,0,0,0,0,0,0,0,0,0,0,0,0,0,0,0,0,0,0,0,0,0,0,0,0,0,0,0,0,0,-273
0,0,0,0,0,0,0,0,0,0,0,0,0,0,0,0,0,0,0,0,0,0,0,0,0,0,0,0,0,0,0,-2
0,0,0,0,0,0,0,0,0,0,0,0,0,0,0,0,0,0,0,0,0,0,0,0,0,0,0,0,0,0,0,0
0,0,0,0,0,0,0,0,0,0,0,0,0,0,0,0,0,0,0,0,0,0,0,0,0,0,0,0,0,0,0,-267
0,0,0,0,0,0,0,0,0,0,0,0,0,0,0,0,0,0,0,0,0,0,0,0,0,0,0,0,0,0,0,-1
0,0,0,0,0,0,0,0,0,0,0,0,0,0,0,0,0,0,0,0,0,0,0,0,0,0,0,0,0,0,0,0
0,0,0,0,0,0,0,0,0,0,0,0,0,0,0,0,0,0,0,0,0,0,0,-2345,0,0,0,0,0,0,0,4854380241
0,0,0,0,0,0,0,0,0,0,0,0,0,0,0,0,0,0,0,0,0,0,0,-141,0,0,0,0,0,0,0,7432279
0,0,0,0,0,0,0,0,0,0,0,0,0,0,0,0,0,0,0,0,0,0,0,-3,0,0,0,0,0,0,0,-2058155
0,0,0,0,0,0,0,0,0,0,0,0,0,0,0,0,0,0,0,0,0,0,0,-2666,0,0,0,0,0,0,0,4526750432
0,0,0,0,0,0,0,0,0,0,0,0,0,0,0,0,0,0,0,0,0,0,0,-143,0,0,0,0,0,0,0,-7970195
0,0,0,0,0,0,0,0,0,0,0,0,0,0,0,0,0,0,0,0,0,0,0,0,0,0,0,0,0,0,0,-1917870
0,0,0,0,0,0,0,0,0,0,0,0,0,0,0,0,0,0,0,0,0,0,0,3108587952,0,0,0,0,0,0,0,2779
0,0,0,0,0,0,0,0,0,0,0,0,0,0,0,0,0,0,0,0,0,0,0,5356671,0,0,0,0,0,0,0,485
0,0,0,0,0,0,0,0,0,0,0,0,0,0,0,0,0,0,0,0,0,0,0,-1317185,0,0,0,0,0,0,0,-5
0,0,0,0,0,0,0,0,0,0,0,0,0,0,0,0,0,0,0,0,0,0,0,3258243454,0,0,0,0,0,0,0,4546
0,0,0,0,0,0,0,0,0,0,0,0,0,0,0,0,0,0,0,0,0,0,0,-5110634,0,0,0,0,0,0,0,430
0,0,0,0,0,0,0,0,0,0,0,0,0,0,0,0,0,0,0,0,0,0,0,-1381265,0,0,0,0,0,0,0,-14
0,0,0,0,0,0,0,0,0,0,0,0,0,0,0,0,0,0,0,0,0,0,0,0,0,0,-3431430294,0,0,0,0,0
0,0,0,0,0,0,0,0,0,0,0,0,0,0,0,0,0,0,0,0,0,0,0,0,0,0,-5568526,0,0,0,0,0
0,0,0,0,0,0,0,0,0,0,0,0,0,0,0,0,0,0,0,0,0,0,0,0,0,0,1454437,0,0,0,0,0
0,0,0,0,0,0,0,0,0,0,0,0,0,0,0,0,0,0,0,0,0,0,0,0,0,0,-3383715211,0,0,0,0,0
0,0,0,0,0,0,0,0,0,0,0,0,0,0,0,0,0,0,0,0,0,0,0,0,0,0,5647049,0,0,0,0,0
0,0,0,0,0,0,0,0,0,0,0,0,0,0,0,0,0,0,0,0,0,0,0,0,0,0,1434006,0,0,0,0,0
0,0,0,0,0,0,0,0,0,0,0,0,0,0,0,-9,0,0,0,0,-1722407613,0,0,0,0,0,0,0,0,0,0,0
0,0,0,0,0,0,0,0,0,0,0,0,0,0,0,0,0,0,0,0,-6810782,0,0,0,0,0,0,0,0,0,0,0
0,0,0,0,0,0,0,0,0,0,0,0,0,0,0,0,0,0,0,0,718970,0,0,0,0,0,0,0,0,0,0,0
0,0,0,0,0,0,0,0,0,0,0,0,0,0,0,-15,0,0,0,0,-2654534077,0,0,0,0,0,0,0,0,0,0,0
0,0,0,0,0,0,0,0,0,0,0,0,0,0,0,0,0,0,0,0,-1778666,0,0,0,0,0,0,0,0,0,0,0
0,0,0,0,0,0,0,0,0,0,0,0,0,0,0,0,0,0,0,0,1124266,0,0,0,0,0,0,0,0,0,0,0
0,0,0,0,0,0,0,0,0,0,0,0,0,0,0,-15,0,0,0,0,-2509442911,0,0,0,0,0,0,0,0,0,0,0
0,0,0,0,0,0,0,0,0,0,0,0,0,0,0,0,0,0,0,0,6556252,0,0,0,0,0,0,0,0,0,0,0
0,0,0,0,0,0,0,0,0,0,0,0,0,0,0,0,0,0,0,0,1056401,0,0,0,0,0,0,0,0,0,0,0
0,0,0,0,0,0,0,0,0,0,0,0,0,0,0,2008315269,0,0,0,0,-15,0,0,0,0,0,0,0,0,0,0,0
0,0,0,0,0,0,0,0,0,0,0,0,0,0,0,5557555,0,0,0,0,-1,0,0,0,0,0,0,0,0,0,0,0
0,0,0,0,0,0,0,0,0,0,0,0,0,0,0,-844361,0,0,0,0,0,0,0,0,0,0,0,0,0,0,0,0
0,0,0,0,0,0,0,0,0,0,0,0,0,0,0,2074976545,0,0,0,0,-18,0,0,0,0,0,0,0,0,0,0,0
0,0,0,0,0,0,0,0,0,0,0,0,0,0,0,-1066426,0,0,0,0,-1,0,0,0,0,0,0,0,0,0,0,0
0,0,0,0,0,0,0,0,0,0,0,0,0,0,0,-878540,0,0,0,0,0,0,0,0,0,0,0,0,0,0,0,0
0,0,0,0,0,0,0,0,0,0,0,0,0,0,0,1535303282,0,0,0,0,-15,0,0,0,0,0,0,0,0,0,0,0
0,0,0,0,0,0,0,0,0,0,0,0,0,0,0,-5828473,0,0,0,0,-1,0,0,0,0,0,0,0,0,0,0,0
0,0,0,0,0,0,0,0,0,0,0,0,0,0,0,-641311,0,0,0,0,0,0,0,0,0,0,0,0,0,0,0,0
0,0,0,0,0,0,0,0,0,0,0,0,0,0,0,0,0,0,0,0,0,0,0,0,0,0,0,0,0,0,0,0
0,0,0,0,0,0,0,0,0,0,0,0,0,0,0,0,0,0,0,0,0,0,0,0,0,0,0,0,0,0,0,0
0,0,0,0,0,0,0,0,0,0,0,0,0,0,0,0,0,0,0,0,0,0,0,0,0,0,0,0,0,0,0,0
0,0,0,0,0,0,0,0,0,0,0,0,0,0,0,0,0,2212824019,0,0,0,0,0,0,0,0,0,0,0,0,0,0
0,0,0,0,0,0,0,0,0,0,0,0,0,0,0,0,0,6544819,0,0,0,0,0,0,0,0,0,0,0,0,0,0
0,0,0,0,0,0,0,0,0,0,0,0,0,0,0,0,0,-929115,0,0,0,0,0,0,0,0,0,0,0,0,0,0
0,0,0,0,0,0,0,0,0,0,0,0,0,0,0,0,0,2325952883,0,0,0,0,0,0,0,0,0,0,0,0,0,0
0,0,0,0,0,0,0,0,0,0,0,0,0,0,0,0,0,-750826,0,0,0,0,0,0,0,0,0,0,0,0,0,0
0,0,0,0,0,0,0,0,0,0,0,0,0,0,0,0,0,-984684,0,0,0,0,0,0,0,0,0,0,0,0,0,0
0,0,0,0,0,0,0,0,0,0,0,0,0,0,0,0,0,1879863216,0,0,0,0,0,0,0,0,0,0,0,0,0,0
0,0,0,0,0,0,0,0,0,0,0,0,0,0,0,0,0,-6775020,0,0,0,0,0,0,0,0,0,0,0,0,0,0
0,0,0,0,0,0,0,0,0,0,0,0,0,0,0,0,0,-786098,0,0,0,0,0,0,0,0,0,0,0,0,0,0
0,0,0,0,0,0,0,0,0,0,0,0,0,0,0,0,0,-5,0,0,0,0,0,0,0,0,0,0,0,0,0,0
0,0,0,0,0,0,0,0,0,0,0,0,0,0,0,0,0,0,0,0,0,0,0,0,0,0,0,0,0,0,0,0
0,0,0,0,0,0,0,0,0,0,0,0,0,0,0,0,0,0,0,0,0,0,0,0,0,0,0,0,0,0,0,0
0,0,0,0,0,0,0,0,0,0,0,0,0,0,0,0,0,0,0,0,0,0,0,0,0,0,0,0,-3853167494,0,0,0
0,0,0,0,0,0,0,0,0,0,0,0,0,0,0,0,0,0,0,0,0,0,0,0,0,0,0,0,-6657470,0,0,0
0,0,0,0,0,0,0,0,0,0,0,0,0,0,0,0,0,0,0,0,0,0,0,0,0,0,0,0,1632658,0,0,0
0,0,0,0,0,0,0,0,0,0,0,0,0,0,0,0,0,0,0,0,0,0,0,0,0,0,0,0,-4050012888,0,0,0
0,0,0,0,0,0,0,0,0,0,0,0,0,0,0,0,0,0,0,0,0,0,0,0,0,0,0,0,6333896,0,0,0
0,0,0,0,0,0,0,0,0,0,0,0,0,0,0,0,0,0,0,0,0,0,0,0,0,0,0,0,1716944,0,0,0
0,0,0,0,0,0,0,0,0,0,0,0,0,0,0,0,0,0,0,0,0,0,0,0,0,0,0,3697095461,0,0,0,0
0,0,0,0,0,0,0,0,0,0,0,0,0,0,0,0,0,0,0,0,0,0,0,0,0,0,0,5999706,0,0,0,0
0,0,0,0,0,0,0,0,0,0,0,0,0,0,0,0,0,0,0,0,0,0,0,0,0,0,0,-1567041,0,0,0,0
0,0,0,0,0,0,0,0,0,0,0,0,0,0,0,0,0,0,0,0,0,0,0,0,0,0,0,3645721665,0,0,0,0
0,0,0,0,0,0,0,0,0,0,0,0,0,0,0,0,0,0,0,0,0,0,0,0,0,0,0,-6084251,0,0,0,0
0,0,0,0,0,0,0,0,0,0,0,0,0,0,0,0,0,0,0,0,0,0,0,0,0,0,0,-1545044,0,0,0,0
0,0,0,0,0,0,0,0,0,0,0,0,0,0,0,0,0,0,0,0,0,0,0,0,0,3313621483,0,0,0,0,0,0
0,0,0,0,0,0,0,0,0,0,0,0,0,0,0,0,0,0,0,0,0,0,0,0,0,5302224,0,0,0,0,0,0
0,0,0,0,0,0,0,0,0,0,0,0,0,0,0,0,0,0,0,0,0,0,0,0,0,-1404602,0,0,0,0,0,0
0,0,0,0,0,0,0,0,0,0,0,0,0,0,0,0,0,0,0,0,0,0,0,0,0,3222819265,0,0,0,0,0,0
0,0,0,0,0,0,0,0,0,0,0,0,0,0,0,0,0,0,0,0,0,0,0,0,0,-5451612,0,0,0,0,0,0
0,0,0,0,0,0,0,0,0,0,0,0,0,0,0,0,0,0,0,0,0,0,0,0,0,-1365722,0,0,0,0,0,0
