-50,0,-5657610,0
4,0,493167,0
1,0,125373,0
-17,0,-1954629,0
10,0,1145933,0
1,0,84531,0
16,0,1823901,0
9,0,1028504,0
0,0,30600,0
43,0,4777262,0
3,0,283999,0
0,0,-19940,0
100,0,11243934,0
2,0,204952,0
-1,0,-56041,0
95,0,10689907,0
-2,0,-249761,0
-1,0,-60018,0
71,0,8070819,0
-6,0,-634255,0
0,0,-51010,0
12,0,1334049,0
-2,0,-252538,0
0,0,-10211,0
-58,0,-6309552,0
-9,0,-1029812,0
0,0,19508,0
-87,0,-9514009,0
-7,0,-807957,0
0,0,37275,0
-100,0,-10937390,0
-4,0,-432812,0
0,0,47087,0
-38,0,-4170854,0
0,0,-14107,0
0,0,18878,0
-37,0,-4056550,0
3,0,328820,0
0,0,19168,0
-52,0,-5566667,0
8,0,937416,0
0,0,26163,0
-20,0,-2003207,0
9,0,1043664,0
0,0,8505,0
10,0,1388453,0
8,0,887943,0
0,0,-8478,0
81,0,9384930,0
2,0,278417,0
0,0,-50047,0
95,0,10926353,0
-1,0,-134333,0
-1,0,-57995,0
83,0,9598253,0
-5,0,-555642,0
0,0,-50553,0
-128,0,-13767842,-1
-5,0,-567630,0
1,0,79451,0
-136,0,-14577282,-1
0,0,70243,0
1,0,82843,0
-117,0,-12247253,0
5,0,632098,0
1,0,67980,0
-8,0,-72847,0
6,0,748183,0
0,0,-5721,0
24,0,4732030,0
11,0,1287578,0
0,0,-44709,0
56,0,8572163,0
7,0,844849,0
-1,0,-72918,0
59,0,8835179,0
1,0,176299,0
-1,0,-75857,0
-103,0,-9751502,0
-14,0,-1655081,0
0,0,30425,0
-178,0,-18355148,-1
-12,0,-1558113,0
1,0,87746,0
-203,0,-21960209,-1
-4,0,-695304,0
1,0,128009,0
-87,0,-9774595,0
3,0,179646,0
1,0,67525,0
194,0,19831547,1
17,0,1814394,0
0,0,-36310,0
306,0,31834570,1
16,0,1774415,0
-1,0,-81278,0
393,0,41259791,2
10,0,1155301,0
-1,0,-123351,0
417,0,43977526,2
1,0,117822,0
-1,0,-143990,0
353,0,37341798,1
-8,0,-897572,0
-1,0,-129206,0
-112,0,-15939893,-1
56,0,6345954,0
1,0,106866,0
101,0,7915203,0
68,0,7776427,0
0,0,-2800,0
327,0,33832633,1
62,0,7197271,0
-1,0,-130769,0
273,0,29608147,1
26,0,3008731,0
-1,0,-129106,0
204,0,24125409,1
-37,0,-4073345,0
-1,0,-130088,0
66,0,8482196,0
-41,0,-4706075,0
0,0,-55387,0
468,0,44467397,2
43,0,4829611,0
-1,0,-116798,0
997,0,98883069,4
52,0,6068439,0
-3,0,-316521,0
1125,0,114360263,4
25,0,3225065,0
-4,0,-402904,0
925,0,95496759,4
-4,0,-78133,0
-3,0,-356186,0
-368,0,-42578586,-2
-1,0,-294252,0
2,0,214488,0
-495,0,-58236450,-2
20,0,1973907,0
3,0,305225,0
-373,0,-45343384,-2
38,0,4021255,0
2,0,254252,0
846,0,88278388,3
61,0,7208119,0
-3,0,-344187,0
1148,0,123059714,5
36,0,4648338,0
-5,0,-520688,0
1171,0,128062691,5
-4,0,292897,0
-5,0,-574428,0
-229,0,-20657727,-1
-90,0,-10062788,0
1,0,54739,0
-551,0,-56754362,-2
-82,0,-9447007,0
3,0,243960,0
-593,0,-63682575,-2
-42,0,-5133576,0
3,0,312274,0
438,0,36474557,1
128,0,13658600,1
2,0,203120,0
1058,0,101294948,4
158,0,17237228,1
0,0,28379,0
1472,0,147975849,6
138,0,15296588,1
-2,0,-192994,0
7471,0,685934352,26
621,0,69765751,3
-20,0,-1921579,0
9434,0,909178404,34
440,0,52193216,2
-28,0,-2809775,0
8197,0,814692074,31
155,0,21525853,1
-26,0,-2701238,0
-13006,0,-1388487680,-52
41,0,-118468,0
36,0,3836639,0
-12374,0,-1336049781,-50
320,0,29997624,1
36,0,3888876,0
-6610,0,-722886248,-27
359,0,36293968,1
20,0,2217450,0
-13468,0,-1258114231,-47
-1626,0,-183905347,-7
19,0,1607595,0
-24033,0,-2388357846,-90
-1809,0,-210331520,-8
46,0,4490886,0
-29107,0,-2996515595,-113
-1353,0,-164115105,-6
64,0,6619013,0
-8840,0,-932865575,-35
-214,0,-28391127,-1
21,0,2274002,0
13941,0,1619159214,61
326,0,46351297,2
-33,0,-3644744,0
58022,0,5883559357,221
4246,0,574766766,22
-103,0,-9954784,0
85253,0,9243801563,348
3971,0,574720951,22
-163,0,-17394134,-1
96705,0,10982302879,414
2580,0,421416977,16
-195,0,-22142433,-1
72024,0,10572423329,403
496,0,112983105,4
-154,0,-23157618,-1
82709,0,12291402867,469
-805,0,-77930201,-3
-176,0,-26816256,-1
74430,0,11188567938,427
-2039,0,-269665857,-10
-157,0,-24380827,-1
41435,0,6319069761,240
6268,0,996560707,38
-70,0,-10461379,0
61613,0,9534971822,363
5507,0,879135878,34
-118,0,-18467984,-1
60077,0,9364212694,357
3367,0,538995674,21
-123,0,-19562413,-1
-80322,0,-12648099229,-484
-890,0,-75461417,-3
129,0,22273713,1
-19371,0,372966136,16
11804,0,1899303859,73
185,0,19522292,1
23942,0,7211824770,278
13170,0,2028378419,78
144,0,10091027,0
5869844,0,280392856636,10313
-160498,0,8316418364,343
-11758,0,-516533956,-19
11636954,0,681707768814,25364
-567730,0,9397254243,430
-26324,0,-1245098201,-46
9253172,0,692089745111,26035
-761135,0,-371281341,70
-24719,0,-1258713411,-46
4021910,0,430436622388,16385
-602375,0,-6402830047,-183
-14123,0,-782175659,-29
-1053123032,0,2821920667,83056
-27116696,0,-154589137,4452
1708228,0,-2655523,-114
-1241173548,0,2488131263,106992
-14913212,0,-192253998,3871
1983280,0,-2593450,-143
-1244874536,0,1759853105,116426
549978,0,-207112341,2665
1964734,0,-2097455,-153
15627593615,0,99407333,-3162212
-46092716,0,829993,18408
-8885858,0,-72158,2000
742748506220,0,-7128727,-116164067
4363956609,0,129223,-4640842
-1312402002,0,10289,162798
741791999381,0,-6560361,-130269999
-5834883802,0,206966,-3344259
-1310630238,0,9632,173060
326552069059,0,-2651954,-64684588
-7316282870,0,128813,-921144
-578386019,0,3990,81800
65954922,0,-18614,475988475296
5138089,0,-358,8368072020
-182473,0,34,-863891349
116508350,0,-27810,707598274348
5244183,0,-122,2205664907
-285199,0,51,-1281524435
130005200,0,-27384,693922199313
2973049,0,272,-7652309504
-292494,0,50,-1258454425
0,26601118,0,-4
0,2356937,0,5
0,-15231,0,0
0,31891505,0,13
0,2046209,0,5
0,-19687,0,0
0,-568010716597,0,0
0,-9579378664,0,0
0,1006109282,0,0
0,-680341418988,0,0
0,-1889676022,0,0
0,1202449522,0,0
0,-650595600488,0,0
0,7172550436,0,0
0,1150197973,0,0
0,-18557,0,0
0,-71,0,0
0,9,0,0
0,-17995,0,0
0,5,0,0
0,10,0,0
0,0,0,0
0,0,0,0
0,0,0,0
0,0,0,0
0,0,0,0
0,0,0,0
0,0,0,0
0,0,0,0
0,0,0,0
0,0,0,0
0,0,0,0
0,0,0,0
0,0,0,0
0,0,0,0
0,0,0,0
0,0,0,0
0,0,0,0
0,0,0,0
0,0,0,0
0,0,0,0
0,0,0,0
0,0,0,0
0,0,0,0
0,0,0,0
0,0,0,0
0,0,0,0
0,0,0,0
0,0,0,0
0,0,0,0
0,0,0,0
0,0,0,0
0,0,0,0
0,0,0,0
0,0,0,0
0,0,0,0
0,0,0,0
0,0,0,0
0,0,0,0
0,0,0,0
0,0,0,0
0,0,0,0
0,0,0,0
0,0,0,0
0,0,0,0
0,0,0,0
0,0,0,0
0,0,0,0
0,0,0,0
0,0,0,0
0,0,0,0
0,0,0,0
0,0,0,0
0,0,0,0
0,0,0,0
0,0,0,0
0,0,0,0
0,0,0,0
0,0,0,0
0,0,0,0
0,0,0,0
0,0,0,0
0,0,0,0
0,0,0,0
0,0,0,0
0,0,0,0
0,0,0,0
0,0,0,0
0,0,0,0
0,0,0,0
