20,0,2994803,0
-3717,0,-565843876,-22
-211,0,-32612569,-1
-4659,0,-702237890,-27
7210,0,1092026917,42
64857,0,6982701187,263
-282,0,329050838,13
-18145,0,-1630079089,-61
5287702,0,347968111354,13008
53519251,0,-12094,306819851793
-4175,0,-642086740,-25
-9092,0,-1373141808,-53
0,-253008440966,0,0
272568854850,0,-2347568,-44104449
-487646768,0,908176484,39770
0,0,0,0
-8705,0,1176801274,51
0,0,0,0
11617,0,5407967728,215
16688,0,2887453684,112
0,0,0,0
757,0,116633315,4
1669,0,262987849,10
0,0,0,0
20418,0,6000345307,235
0,0,0,0
0,0,0,0
0,0,0,0
0,0,0,0
0,-2755503,0,-1
-19101,0,-2861773927,-110
0,0,0,0
0,809,0,0
40869,0,6085779328,233
0,0,0,0
-32199,0,-4782300837,-183
1478113238,0,16462328,-514654
-6410,0,-1232435280,-48
0,0,0,0
22572,0,3520159102,135
-57405,0,-16839353890,-662
-21343,0,-2967723166,-113
54128,0,10332510253,401
-1984108,0,6706034735,580
14001,0,3572983109,140
-11725293,0,119,-73237840
0,-1078486722,0,0
68456260,0,969672880,-22842
84192,0,22153508907,868
0,0,0,0
-2500438852,0,-720421,17734310
-200774,0,-31170394755,-1198
0,0,0,0
-273065,0,-40996831589,-1573
0,0,0,0
-209714,0,-55426085456,-2174
-691072,0,-102721334389,-3941
0,0,0,0
0,0,0,0
0,0,0,0
0,0,0,0
0,0,0,0
0,-13601924,0,-40
0,0,0,0
